file,colourname,hexcolour
/home/rtanglao/GIT/rt-berlin-january-2020/75PX_BY_75PX_PATCHES/20200123_103339_49430438647_o.jpg-0-2475.jpg,darkslategray,#2f4f4f
/home/rtanglao/GIT/rt-berlin-january-2020/75PX_BY_75PX_PATCHES/20200123_103339_49430438647_o.jpg-1050-1425.jpg,saddlebrown,#8b4513
/home/rtanglao/GIT/rt-berlin-january-2020/75PX_BY_75PX_PATCHES/20200123_103339_49430438647_o.jpg-1125-1125.jpg,saddlebrown,#8b4513
/home/rtanglao/GIT/rt-berlin-january-2020/75PX_BY_75PX_PATCHES/20200123_103339_49430438647_o.jpg-1125-2850.jpg,black,#000000
/home/rtanglao/GIT/rt-berlin-january-2020/75PX_BY_75PX_PATCHES/20200123_103339_49430438647_o.jpg-1125-975.jpg,saddlebrown,#8b4513
/home/rtanglao/GIT/rt-berlin-january-2020/75PX_BY_75PX_PATCHES/20200123_103339_49430438647_o.jpg-1350-1875.jpg,saddlebrown,#8b4513
/home/rtanglao/GIT/rt-berlin-january-2020/75PX_BY_75PX_PATCHES/20200123_103339_49430438647_o.jpg-1350-2400.jpg,black,#000000
/home/rtanglao/GIT/rt-berlin-january-2020/75PX_BY_75PX_PATCHES/20200123_103339_49430438647_o.jpg-1575-75.jpg,darkslategray,#2f4f4f
/home/rtanglao/GIT/rt-berlin-january-2020/75PX_BY_75PX_PATCHES/20200123_103339_49430438647_o.jpg-1725-2475.jpg,darkslategray,#2f4f4f
/home/rtanglao/GIT/rt-berlin-january-2020/75PX_BY_75PX_PATCHES/20200123_103339_49430438647_o.jpg-1950-1875.jpg,silver,#cccccc
/home/rtanglao/GIT/rt-berlin-january-2020/75PX_BY_75PX_PATCHES/20200123_103339_49430438647_o.jpg-2250-900.jpg,lightsteelblue,#b0c4de
/home/rtanglao/GIT/rt-berlin-january-2020/75PX_BY_75PX_PATCHES/20200123_103339_49430438647_o.jpg-225-1875.jpg,dimgray,#696969
/home/rtanglao/GIT/rt-berlin-january-2020/75PX_BY_75PX_PATCHES/20200123_103339_49430438647_o.jpg-225-2250.jpg,black,#000000
/home/rtanglao/GIT/rt-berlin-january-2020/75PX_BY_75PX_PATCHES/20200123_103339_49430438647_o.jpg-225-2700.jpg,forestgreen,#228b22
/home/rtanglao/GIT/rt-berlin-january-2020/75PX_BY_75PX_PATCHES/20200123_103339_49430438647_o.jpg-2325-2625.jpg,maroon,#800000
/home/rtanglao/GIT/rt-berlin-january-2020/75PX_BY_75PX_PATCHES/20200123_103339_49430438647_o.jpg-2400-1275.jpg,saddlebrown,#8b4513
/home/rtanglao/GIT/rt-berlin-january-2020/75PX_BY_75PX_PATCHES/20200123_103339_49430438647_o.jpg-2400-375.jpg,saddlebrown,#8b4513
/home/rtanglao/GIT/rt-berlin-january-2020/75PX_BY_75PX_PATCHES/20200123_103339_49430438647_o.jpg-2475-450.jpg,saddlebrown,#8b4513
/home/rtanglao/GIT/rt-berlin-january-2020/75PX_BY_75PX_PATCHES/20200123_103339_49430438647_o.jpg-2550-300.jpg,saddlebrown,#8b4513
/home/rtanglao/GIT/rt-berlin-january-2020/75PX_BY_75PX_PATCHES/20200123_103339_49430438647_o.jpg-2625-1575.jpg,lightsteelblue,#b0c4de
/home/rtanglao/GIT/rt-berlin-january-2020/75PX_BY_75PX_PATCHES/20200123_103339_49430438647_o.jpg-2700-1125.jpg,lightsteelblue,#b0c4de
/home/rtanglao/GIT/rt-berlin-january-2020/75PX_BY_75PX_PATCHES/20200123_103339_49430438647_o.jpg-300-2475.jpg,black,#000000
/home/rtanglao/GIT/rt-berlin-january-2020/75PX_BY_75PX_PATCHES/20200123_103339_49430438647_o.jpg-375-0.jpg,darkslategray,#2f4f4f
/home/rtanglao/GIT/rt-berlin-january-2020/75PX_BY_75PX_PATCHES/20200123_103339_49430438647_o.jpg-450-2250.jpg,black,#000000
/home/rtanglao/GIT/rt-berlin-january-2020/75PX_BY_75PX_PATCHES/20200123_103339_49430438647_o.jpg-450-2925.jpg,midnightblue,#191970
/home/rtanglao/GIT/rt-berlin-january-2020/75PX_BY_75PX_PATCHES/20200123_103339_49430438647_o.jpg-525-1800.jpg,saddlebrown,#8b4513
/home/rtanglao/GIT/rt-berlin-january-2020/75PX_BY_75PX_PATCHES/20200123_103339_49430438647_o.jpg-750-150.jpg,darkslategray,#2f4f4f
/home/rtanglao/GIT/rt-berlin-january-2020/75PX_BY_75PX_PATCHES/20200123_103339_49430438647_o.jpg-975-2025.jpg,saddlebrown,#8b4513
/home/rtanglao/GIT/rt-berlin-january-2020/75PX_BY_75PX_PATCHES/20200123_103347_49429738593_o.jpg-1425-375.jpg,gray,#808080
/home/rtanglao/GIT/rt-berlin-january-2020/75PX_BY_75PX_PATCHES/20200123_103347_49429738593_o.jpg-150-1275.jpg,maroon,#800000
/home/rtanglao/GIT/rt-berlin-january-2020/75PX_BY_75PX_PATCHES/20200123_103347_49429738593_o.jpg-1575-1500.jpg,firebrick,#b22222
/home/rtanglao/GIT/rt-berlin-january-2020/75PX_BY_75PX_PATCHES/20200123_103347_49429738593_o.jpg-1650-150.jpg,gray,#808080
/home/rtanglao/GIT/rt-berlin-january-2020/75PX_BY_75PX_PATCHES/20200123_103347_49429738593_o.jpg-1650-75.jpg,maroon,#800000
/home/rtanglao/GIT/rt-berlin-january-2020/75PX_BY_75PX_PATCHES/20200123_103347_49429738593_o.jpg-1725-2700.jpg,darkseagreen,#8fbc8f
/home/rtanglao/GIT/rt-berlin-january-2020/75PX_BY_75PX_PATCHES/20200123_103347_49429738593_o.jpg-1800-0.jpg,maroon,#800000
/home/rtanglao/GIT/rt-berlin-january-2020/75PX_BY_75PX_PATCHES/20200123_103347_49429738593_o.jpg-1800-2850.jpg,darkgray,#a9a9a9
/home/rtanglao/GIT/rt-berlin-january-2020/75PX_BY_75PX_PATCHES/20200123_103347_49429738593_o.jpg-2100-1200.jpg,saddlebrown,#8b4513
/home/rtanglao/GIT/rt-berlin-january-2020/75PX_BY_75PX_PATCHES/20200123_103347_49429738593_o.jpg-2250-1350.jpg,darkgray,#a9a9a9
/home/rtanglao/GIT/rt-berlin-january-2020/75PX_BY_75PX_PATCHES/20200123_103347_49429738593_o.jpg-2250-2325.jpg,firebrick,#b22222
/home/rtanglao/GIT/rt-berlin-january-2020/75PX_BY_75PX_PATCHES/20200123_103347_49429738593_o.jpg-2475-1650.jpg,darkgray,#a9a9a9
/home/rtanglao/GIT/rt-berlin-january-2020/75PX_BY_75PX_PATCHES/20200123_103347_49429738593_o.jpg-2550-675.jpg,firebrick,#b22222
/home/rtanglao/GIT/rt-berlin-january-2020/75PX_BY_75PX_PATCHES/20200123_103347_49429738593_o.jpg-2775-1200.jpg,firebrick,#b22222
/home/rtanglao/GIT/rt-berlin-january-2020/75PX_BY_75PX_PATCHES/20200123_103347_49429738593_o.jpg-2925-1125.jpg,firebrick,#b22222
/home/rtanglao/GIT/rt-berlin-january-2020/75PX_BY_75PX_PATCHES/20200123_103347_49429738593_o.jpg-300-2625.jpg,gray,#808080
/home/rtanglao/GIT/rt-berlin-january-2020/75PX_BY_75PX_PATCHES/20200123_103347_49429738593_o.jpg-300-825.jpg,maroon,#800000
/home/rtanglao/GIT/rt-berlin-january-2020/75PX_BY_75PX_PATCHES/20200123_103347_49429738593_o.jpg-450-1050.jpg,maroon,#800000
/home/rtanglao/GIT/rt-berlin-january-2020/75PX_BY_75PX_PATCHES/20200123_103347_49429738593_o.jpg-450-300.jpg,maroon,#800000
/home/rtanglao/GIT/rt-berlin-january-2020/75PX_BY_75PX_PATCHES/20200123_103347_49429738593_o.jpg-675-1125.jpg,maroon,#800000
/home/rtanglao/GIT/rt-berlin-january-2020/75PX_BY_75PX_PATCHES/20200123_103347_49429738593_o.jpg-675-1800.jpg,maroon,#800000
/home/rtanglao/GIT/rt-berlin-january-2020/75PX_BY_75PX_PATCHES/20200123_103347_49429738593_o.jpg-675-2025.jpg,maroon,#800000
/home/rtanglao/GIT/rt-berlin-january-2020/75PX_BY_75PX_PATCHES/20200123_103347_49429738593_o.jpg-675-2400.jpg,gray,#808080
/home/rtanglao/GIT/rt-berlin-january-2020/75PX_BY_75PX_PATCHES/20200123_103347_49429738593_o.jpg-675-2700.jpg,gray,#808080
/home/rtanglao/GIT/rt-berlin-january-2020/75PX_BY_75PX_PATCHES/20200123_103347_49429738593_o.jpg-675-525.jpg,maroon,#800000
/home/rtanglao/GIT/rt-berlin-january-2020/75PX_BY_75PX_PATCHES/20200123_103347_49429738593_o.jpg-75-150.jpg,maroon,#800000
/home/rtanglao/GIT/rt-berlin-january-2020/75PX_BY_75PX_PATCHES/20200123_103347_49429738593_o.jpg-75-75.jpg,dimgray,#696969
/home/rtanglao/GIT/rt-berlin-january-2020/75PX_BY_75PX_PATCHES/20200123_103347_49429738593_o.jpg-900-2775.jpg,gray,#808080
/home/rtanglao/GIT/rt-berlin-january-2020/75PX_BY_75PX_PATCHES/20200123_111707_49430219476_o.jpg-0-1425.jpg,gray,#808080
/home/rtanglao/GIT/rt-berlin-january-2020/75PX_BY_75PX_PATCHES/20200123_111707_49430219476_o.jpg-0-150.jpg,black,#000000
/home/rtanglao/GIT/rt-berlin-january-2020/75PX_BY_75PX_PATCHES/20200123_111707_49430219476_o.jpg-1200-975.jpg,black,#000000
/home/rtanglao/GIT/rt-berlin-january-2020/75PX_BY_75PX_PATCHES/20200123_111707_49430219476_o.jpg-1425-1125.jpg,black,#000000
/home/rtanglao/GIT/rt-berlin-january-2020/75PX_BY_75PX_PATCHES/20200123_111707_49430219476_o.jpg-1500-2250.jpg,dimgray,#696969
/home/rtanglao/GIT/rt-berlin-january-2020/75PX_BY_75PX_PATCHES/20200123_111707_49430219476_o.jpg-1650-1500.jpg,black,#000000
/home/rtanglao/GIT/rt-berlin-january-2020/75PX_BY_75PX_PATCHES/20200123_111707_49430219476_o.jpg-1650-2400.jpg,gray,#808080
/home/rtanglao/GIT/rt-berlin-january-2020/75PX_BY_75PX_PATCHES/20200123_111707_49430219476_o.jpg-1650-300.jpg,black,#000000
/home/rtanglao/GIT/rt-berlin-january-2020/75PX_BY_75PX_PATCHES/20200123_111707_49430219476_o.jpg-1725-900.jpg,black,#000000
/home/rtanglao/GIT/rt-berlin-january-2020/75PX_BY_75PX_PATCHES/20200123_111707_49430219476_o.jpg-2025-1275.jpg,black,#000000
/home/rtanglao/GIT/rt-berlin-january-2020/75PX_BY_75PX_PATCHES/20200123_111707_49430219476_o.jpg-2175-525.jpg,black,#000000
/home/rtanglao/GIT/rt-berlin-january-2020/75PX_BY_75PX_PATCHES/20200123_111707_49430219476_o.jpg-2250-2475.jpg,black,#000000
/home/rtanglao/GIT/rt-berlin-january-2020/75PX_BY_75PX_PATCHES/20200123_111707_49430219476_o.jpg-225-225.jpg,rosybrown,#bc8f8f
/home/rtanglao/GIT/rt-berlin-january-2020/75PX_BY_75PX_PATCHES/20200123_111707_49430219476_o.jpg-2325-900.jpg,black,#000000
/home/rtanglao/GIT/rt-berlin-january-2020/75PX_BY_75PX_PATCHES/20200123_111707_49430219476_o.jpg-2475-825.jpg,black,#000000
/home/rtanglao/GIT/rt-berlin-january-2020/75PX_BY_75PX_PATCHES/20200123_111707_49430219476_o.jpg-2550-1575.jpg,gray,#808080
/home/rtanglao/GIT/rt-berlin-january-2020/75PX_BY_75PX_PATCHES/20200123_111707_49430219476_o.jpg-2625-225.jpg,black,#000000
/home/rtanglao/GIT/rt-berlin-january-2020/75PX_BY_75PX_PATCHES/20200123_111707_49430219476_o.jpg-2775-525.jpg,silver,#cccccc
/home/rtanglao/GIT/rt-berlin-january-2020/75PX_BY_75PX_PATCHES/20200123_111707_49430219476_o.jpg-300-300.jpg,darkgray,#a9a9a9
/home/rtanglao/GIT/rt-berlin-january-2020/75PX_BY_75PX_PATCHES/20200123_111707_49430219476_o.jpg-300-825.jpg,midnightblue,#191970
/home/rtanglao/GIT/rt-berlin-january-2020/75PX_BY_75PX_PATCHES/20200123_111707_49430219476_o.jpg-450-750.jpg,midnightblue,#191970
/home/rtanglao/GIT/rt-berlin-january-2020/75PX_BY_75PX_PATCHES/20200123_111707_49430219476_o.jpg-525-1725.jpg,black,#000000
/home/rtanglao/GIT/rt-berlin-january-2020/75PX_BY_75PX_PATCHES/20200123_111707_49430219476_o.jpg-750-450.jpg,rosybrown,#bc8f8f
/home/rtanglao/GIT/rt-berlin-january-2020/75PX_BY_75PX_PATCHES/20200123_111707_49430219476_o.jpg-75-525.jpg,saddlebrown,#8b4513
/home/rtanglao/GIT/rt-berlin-january-2020/75PX_BY_75PX_PATCHES/20200123_111707_49430219476_o.jpg-900-2775.jpg,darkslategray,#2f4f4f
/home/rtanglao/GIT/rt-berlin-january-2020/75PX_BY_75PX_PATCHES/20200123_111707_49430219476_o.jpg-975-0.jpg,darkslategray,#2f4f4f
/home/rtanglao/GIT/rt-berlin-january-2020/75PX_BY_75PX_PATCHES/20200123_111707_49430219476_o.jpg-975-2925.jpg,darkslategray,#2f4f4f
/home/rtanglao/GIT/rt-berlin-january-2020/75PX_BY_75PX_PATCHES/20200123_120138_49429742848_o.jpg-0-825.jpg,darkslategray,#2f4f4f
/home/rtanglao/GIT/rt-berlin-january-2020/75PX_BY_75PX_PATCHES/20200123_120138_49429742848_o.jpg-1125-1050.jpg,gray,#808080
/home/rtanglao/GIT/rt-berlin-january-2020/75PX_BY_75PX_PATCHES/20200123_120138_49429742848_o.jpg-1200-1500.jpg,black,#000000
/home/rtanglao/GIT/rt-berlin-january-2020/75PX_BY_75PX_PATCHES/20200123_120138_49429742848_o.jpg-1200-2925.jpg,black,#000000
/home/rtanglao/GIT/rt-berlin-january-2020/75PX_BY_75PX_PATCHES/20200123_120138_49429742848_o.jpg-1275-1500.jpg,dimgray,#696969
/home/rtanglao/GIT/rt-berlin-january-2020/75PX_BY_75PX_PATCHES/20200123_120138_49429742848_o.jpg-1350-1200.jpg,gray,#808080
/home/rtanglao/GIT/rt-berlin-january-2020/75PX_BY_75PX_PATCHES/20200123_120138_49429742848_o.jpg-1350-1725.jpg,black,#000000
/home/rtanglao/GIT/rt-berlin-january-2020/75PX_BY_75PX_PATCHES/20200123_120138_49429742848_o.jpg-1500-2550.jpg,black,#000000
/home/rtanglao/GIT/rt-berlin-january-2020/75PX_BY_75PX_PATCHES/20200123_120138_49429742848_o.jpg-1500-2700.jpg,black,#000000
/home/rtanglao/GIT/rt-berlin-january-2020/75PX_BY_75PX_PATCHES/20200123_120138_49429742848_o.jpg-150-1800.jpg,darkslategray,#2f4f4f
/home/rtanglao/GIT/rt-berlin-january-2020/75PX_BY_75PX_PATCHES/20200123_120138_49429742848_o.jpg-150-375.jpg,rosybrown,#bc8f8f
/home/rtanglao/GIT/rt-berlin-january-2020/75PX_BY_75PX_PATCHES/20200123_120138_49429742848_o.jpg-150-525.jpg,dimgray,#696969
/home/rtanglao/GIT/rt-berlin-january-2020/75PX_BY_75PX_PATCHES/20200123_120138_49429742848_o.jpg-1650-450.jpg,cornflowerblue,#6495ed
/home/rtanglao/GIT/rt-berlin-january-2020/75PX_BY_75PX_PATCHES/20200123_120138_49429742848_o.jpg-1950-2250.jpg,darkslategray,#2f4f4f
/home/rtanglao/GIT/rt-berlin-january-2020/75PX_BY_75PX_PATCHES/20200123_120138_49429742848_o.jpg-1950-300.jpg,cornflowerblue,#6495ed
/home/rtanglao/GIT/rt-berlin-january-2020/75PX_BY_75PX_PATCHES/20200123_120138_49429742848_o.jpg-2025-2025.jpg,black,#000000
/home/rtanglao/GIT/rt-berlin-january-2020/75PX_BY_75PX_PATCHES/20200123_120138_49429742848_o.jpg-2100-2250.jpg,black,#000000
/home/rtanglao/GIT/rt-berlin-january-2020/75PX_BY_75PX_PATCHES/20200123_120138_49429742848_o.jpg-2250-2475.jpg,slategray,#708090
/home/rtanglao/GIT/rt-berlin-january-2020/75PX_BY_75PX_PATCHES/20200123_120138_49429742848_o.jpg-225-825.jpg,black,#000000
/home/rtanglao/GIT/rt-berlin-january-2020/75PX_BY_75PX_PATCHES/20200123_120138_49429742848_o.jpg-2550-2775.jpg,black,#000000
/home/rtanglao/GIT/rt-berlin-january-2020/75PX_BY_75PX_PATCHES/20200123_120138_49429742848_o.jpg-2625-2550.jpg,black,#000000
/home/rtanglao/GIT/rt-berlin-january-2020/75PX_BY_75PX_PATCHES/20200123_120138_49429742848_o.jpg-2700-2850.jpg,black,#000000
/home/rtanglao/GIT/rt-berlin-january-2020/75PX_BY_75PX_PATCHES/20200123_120138_49429742848_o.jpg-2850-975.jpg,darkgray,#a9a9a9
/home/rtanglao/GIT/rt-berlin-january-2020/75PX_BY_75PX_PATCHES/20200123_120138_49429742848_o.jpg-375-150.jpg,lightslategray,#778899
/home/rtanglao/GIT/rt-berlin-january-2020/75PX_BY_75PX_PATCHES/20200123_120138_49429742848_o.jpg-450-1125.jpg,dimgray,#696969
/home/rtanglao/GIT/rt-berlin-january-2020/75PX_BY_75PX_PATCHES/20200123_120138_49429742848_o.jpg-450-825.jpg,dimgray,#696969
/home/rtanglao/GIT/rt-berlin-january-2020/75PX_BY_75PX_PATCHES/20200123_120138_49429742848_o.jpg-525-675.jpg,rosybrown,#bc8f8f
/home/rtanglao/GIT/rt-berlin-january-2020/75PX_BY_75PX_PATCHES/20200123_120138_49429742848_o.jpg-600-1200.jpg,black,#000000
/home/rtanglao/GIT/rt-berlin-january-2020/75PX_BY_75PX_PATCHES/20200123_120138_49429742848_o.jpg-600-150.jpg,black,#000000
/home/rtanglao/GIT/rt-berlin-january-2020/75PX_BY_75PX_PATCHES/20200123_120138_49429742848_o.jpg-675-2100.jpg,black,#000000
/home/rtanglao/GIT/rt-berlin-january-2020/75PX_BY_75PX_PATCHES/20200123_120138_49429742848_o.jpg-75-1050.jpg,black,#000000
/home/rtanglao/GIT/rt-berlin-january-2020/75PX_BY_75PX_PATCHES/20200123_120138_49429742848_o.jpg-75-900.jpg,midnightblue,#191970
/home/rtanglao/GIT/rt-berlin-january-2020/75PX_BY_75PX_PATCHES/20200123_120138_49429742848_o.jpg-825-2175.jpg,black,#000000
/home/rtanglao/GIT/rt-berlin-january-2020/75PX_BY_75PX_PATCHES/20200123_120138_49429742848_o.jpg-825-675.jpg,lightslategray,#778899
/home/rtanglao/GIT/rt-berlin-january-2020/75PX_BY_75PX_PATCHES/20200123_120758_49430223931_o.jpg-1050-150.jpg,steelblue,#4682b4
/home/rtanglao/GIT/rt-berlin-january-2020/75PX_BY_75PX_PATCHES/20200123_120758_49430223931_o.jpg-1275-1725.jpg,steelblue,#4682b4
/home/rtanglao/GIT/rt-berlin-january-2020/75PX_BY_75PX_PATCHES/20200123_120758_49430223931_o.jpg-1275-450.jpg,black,#000000
/home/rtanglao/GIT/rt-berlin-january-2020/75PX_BY_75PX_PATCHES/20200123_120758_49430223931_o.jpg-1350-2100.jpg,dodgerblue,#1e90ff
/home/rtanglao/GIT/rt-berlin-january-2020/75PX_BY_75PX_PATCHES/20200123_120758_49430223931_o.jpg-1500-1800.jpg,steelblue,#4682b4
/home/rtanglao/GIT/rt-berlin-january-2020/75PX_BY_75PX_PATCHES/20200123_120758_49430223931_o.jpg-1575-2175.jpg,black,#000000
/home/rtanglao/GIT/rt-berlin-january-2020/75PX_BY_75PX_PATCHES/20200123_120758_49430223931_o.jpg-1725-0.jpg,lightgray,#d3d3d3
/home/rtanglao/GIT/rt-berlin-january-2020/75PX_BY_75PX_PATCHES/20200123_120758_49430223931_o.jpg-1725-2250.jpg,black,#000000
/home/rtanglao/GIT/rt-berlin-january-2020/75PX_BY_75PX_PATCHES/20200123_120758_49430223931_o.jpg-1875-2925.jpg,black,#000000
/home/rtanglao/GIT/rt-berlin-january-2020/75PX_BY_75PX_PATCHES/20200123_120758_49430223931_o.jpg-1950-1875.jpg,black,#000000
/home/rtanglao/GIT/rt-berlin-january-2020/75PX_BY_75PX_PATCHES/20200123_120758_49430223931_o.jpg-1950-825.jpg,black,#000000
/home/rtanglao/GIT/rt-berlin-january-2020/75PX_BY_75PX_PATCHES/20200123_120758_49430223931_o.jpg-2025-75.jpg,black,#000000
/home/rtanglao/GIT/rt-berlin-january-2020/75PX_BY_75PX_PATCHES/20200123_120758_49430223931_o.jpg-2100-600.jpg,lightsteelblue,#b0c4de
/home/rtanglao/GIT/rt-berlin-january-2020/75PX_BY_75PX_PATCHES/20200123_120758_49430223931_o.jpg-2175-1725.jpg,cornflowerblue,#6495ed
/home/rtanglao/GIT/rt-berlin-january-2020/75PX_BY_75PX_PATCHES/20200123_120758_49430223931_o.jpg-2175-1800.jpg,cornflowerblue,#6495ed
/home/rtanglao/GIT/rt-berlin-january-2020/75PX_BY_75PX_PATCHES/20200123_120758_49430223931_o.jpg-2175-375.jpg,silver,#cccccc
/home/rtanglao/GIT/rt-berlin-january-2020/75PX_BY_75PX_PATCHES/20200123_120758_49430223931_o.jpg-2250-300.jpg,lightgray,#d3d3d3
/home/rtanglao/GIT/rt-berlin-january-2020/75PX_BY_75PX_PATCHES/20200123_120758_49430223931_o.jpg-225-1800.jpg,teal,#008080
/home/rtanglao/GIT/rt-berlin-january-2020/75PX_BY_75PX_PATCHES/20200123_120758_49430223931_o.jpg-2475-2700.jpg,black,#000000
/home/rtanglao/GIT/rt-berlin-january-2020/75PX_BY_75PX_PATCHES/20200123_120758_49430223931_o.jpg-2550-600.jpg,silver,#cccccc
/home/rtanglao/GIT/rt-berlin-january-2020/75PX_BY_75PX_PATCHES/20200123_120758_49430223931_o.jpg-2850-2550.jpg,black,#000000
/home/rtanglao/GIT/rt-berlin-january-2020/75PX_BY_75PX_PATCHES/20200123_120758_49430223931_o.jpg-300-2025.jpg,teal,#008080
/home/rtanglao/GIT/rt-berlin-january-2020/75PX_BY_75PX_PATCHES/20200123_120758_49430223931_o.jpg-525-1500.jpg,black,#000000
/home/rtanglao/GIT/rt-berlin-january-2020/75PX_BY_75PX_PATCHES/20200123_120758_49430223931_o.jpg-525-2100.jpg,black,#000000
/home/rtanglao/GIT/rt-berlin-january-2020/75PX_BY_75PX_PATCHES/20200123_120758_49430223931_o.jpg-750-2925.jpg,black,#000000
/home/rtanglao/GIT/rt-berlin-january-2020/75PX_BY_75PX_PATCHES/20200123_120758_49430223931_o.jpg-900-2775.jpg,black,#000000
/home/rtanglao/GIT/rt-berlin-january-2020/75PX_BY_75PX_PATCHES/20200123_120806_49430223146_o.jpg-0-1350.jpg,black,#000000
/home/rtanglao/GIT/rt-berlin-january-2020/75PX_BY_75PX_PATCHES/20200123_120806_49430223146_o.jpg-1275-2850.jpg,gray,#808080
/home/rtanglao/GIT/rt-berlin-january-2020/75PX_BY_75PX_PATCHES/20200123_120806_49430223146_o.jpg-1500-1125.jpg,midnightblue,#191970
/home/rtanglao/GIT/rt-berlin-january-2020/75PX_BY_75PX_PATCHES/20200123_120806_49430223146_o.jpg-150-600.jpg,gray,#808080
/home/rtanglao/GIT/rt-berlin-january-2020/75PX_BY_75PX_PATCHES/20200123_120806_49430223146_o.jpg-1575-0.jpg,black,#000000
/home/rtanglao/GIT/rt-berlin-january-2020/75PX_BY_75PX_PATCHES/20200123_120806_49430223146_o.jpg-1575-300.jpg,darkgray,#a9a9a9
/home/rtanglao/GIT/rt-berlin-january-2020/75PX_BY_75PX_PATCHES/20200123_120806_49430223146_o.jpg-1725-2025.jpg,black,#000000
/home/rtanglao/GIT/rt-berlin-january-2020/75PX_BY_75PX_PATCHES/20200123_120806_49430223146_o.jpg-1800-300.jpg,darkgray,#a9a9a9
/home/rtanglao/GIT/rt-berlin-january-2020/75PX_BY_75PX_PATCHES/20200123_120806_49430223146_o.jpg-1875-525.jpg,midnightblue,#191970
/home/rtanglao/GIT/rt-berlin-january-2020/75PX_BY_75PX_PATCHES/20200123_120806_49430223146_o.jpg-1950-2850.jpg,black,#000000
/home/rtanglao/GIT/rt-berlin-january-2020/75PX_BY_75PX_PATCHES/20200123_120806_49430223146_o.jpg-2100-75.jpg,midnightblue,#191970
/home/rtanglao/GIT/rt-berlin-january-2020/75PX_BY_75PX_PATCHES/20200123_120806_49430223146_o.jpg-2175-1425.jpg,gray,#808080
/home/rtanglao/GIT/rt-berlin-january-2020/75PX_BY_75PX_PATCHES/20200123_120806_49430223146_o.jpg-2175-1800.jpg,rosybrown,#bc8f8f
/home/rtanglao/GIT/rt-berlin-january-2020/75PX_BY_75PX_PATCHES/20200123_120806_49430223146_o.jpg-2475-2625.jpg,black,#000000
/home/rtanglao/GIT/rt-berlin-january-2020/75PX_BY_75PX_PATCHES/20200123_120806_49430223146_o.jpg-2550-1800.jpg,midnightblue,#191970
/home/rtanglao/GIT/rt-berlin-january-2020/75PX_BY_75PX_PATCHES/20200123_120806_49430223146_o.jpg-2625-600.jpg,midnightblue,#191970
/home/rtanglao/GIT/rt-berlin-january-2020/75PX_BY_75PX_PATCHES/20200123_120806_49430223146_o.jpg-2700-300.jpg,silver,#cccccc
/home/rtanglao/GIT/rt-berlin-january-2020/75PX_BY_75PX_PATCHES/20200123_120806_49430223146_o.jpg-2775-1050.jpg,midnightblue,#191970
/home/rtanglao/GIT/rt-berlin-january-2020/75PX_BY_75PX_PATCHES/20200123_120806_49430223146_o.jpg-2850-300.jpg,silver,#cccccc
/home/rtanglao/GIT/rt-berlin-january-2020/75PX_BY_75PX_PATCHES/20200123_120806_49430223146_o.jpg-675-750.jpg,dimgray,#696969
/home/rtanglao/GIT/rt-berlin-january-2020/75PX_BY_75PX_PATCHES/20200123_120806_49430223146_o.jpg-750-1350.jpg,darkgray,#a9a9a9
/home/rtanglao/GIT/rt-berlin-january-2020/75PX_BY_75PX_PATCHES/20200123_120806_49430223146_o.jpg-75-300.jpg,darkgray,#a9a9a9
/home/rtanglao/GIT/rt-berlin-january-2020/75PX_BY_75PX_PATCHES/20200123_120806_49430223146_o.jpg-825-2250.jpg,black,#000000
/home/rtanglao/GIT/rt-berlin-january-2020/75PX_BY_75PX_PATCHES/20200123_120806_49430223146_o.jpg-975-1050.jpg,black,#000000
/home/rtanglao/GIT/rt-berlin-january-2020/75PX_BY_75PX_PATCHES/20200123_120806_49430223146_o.jpg-975-2400.jpg,black,#000000
/home/rtanglao/GIT/rt-berlin-january-2020/75PX_BY_75PX_PATCHES/20200123_120811_49430444622_o.jpg-0-2925.jpg,darkslategray,#2f4f4f
/home/rtanglao/GIT/rt-berlin-january-2020/75PX_BY_75PX_PATCHES/20200123_120811_49430444622_o.jpg-1125-1050.jpg,black,#000000
/home/rtanglao/GIT/rt-berlin-january-2020/75PX_BY_75PX_PATCHES/20200123_120811_49430444622_o.jpg-1275-2325.jpg,black,#000000
/home/rtanglao/GIT/rt-berlin-january-2020/75PX_BY_75PX_PATCHES/20200123_120811_49430444622_o.jpg-1275-2475.jpg,darkgray,#a9a9a9
/home/rtanglao/GIT/rt-berlin-january-2020/75PX_BY_75PX_PATCHES/20200123_120811_49430444622_o.jpg-1275-2775.jpg,black,#000000
/home/rtanglao/GIT/rt-berlin-january-2020/75PX_BY_75PX_PATCHES/20200123_120811_49430444622_o.jpg-1275-900.jpg,black,#000000
/home/rtanglao/GIT/rt-berlin-january-2020/75PX_BY_75PX_PATCHES/20200123_120811_49430444622_o.jpg-1500-0.jpg,silver,#cccccc
/home/rtanglao/GIT/rt-berlin-january-2020/75PX_BY_75PX_PATCHES/20200123_120811_49430444622_o.jpg-1500-975.jpg,black,#000000
/home/rtanglao/GIT/rt-berlin-january-2020/75PX_BY_75PX_PATCHES/20200123_120811_49430444622_o.jpg-1575-1950.jpg,black,#000000
/home/rtanglao/GIT/rt-berlin-january-2020/75PX_BY_75PX_PATCHES/20200123_120811_49430444622_o.jpg-1725-2250.jpg,black,#000000
/home/rtanglao/GIT/rt-berlin-january-2020/75PX_BY_75PX_PATCHES/20200123_120811_49430444622_o.jpg-1800-1200.jpg,black,#000000
/home/rtanglao/GIT/rt-berlin-january-2020/75PX_BY_75PX_PATCHES/20200123_120811_49430444622_o.jpg-1800-225.jpg,silver,#cccccc
/home/rtanglao/GIT/rt-berlin-january-2020/75PX_BY_75PX_PATCHES/20200123_120811_49430444622_o.jpg-1875-1950.jpg,black,#000000
/home/rtanglao/GIT/rt-berlin-january-2020/75PX_BY_75PX_PATCHES/20200123_120811_49430444622_o.jpg-2100-1575.jpg,black,#000000
/home/rtanglao/GIT/rt-berlin-january-2020/75PX_BY_75PX_PATCHES/20200123_120811_49430444622_o.jpg-2100-75.jpg,black,#000000
/home/rtanglao/GIT/rt-berlin-january-2020/75PX_BY_75PX_PATCHES/20200123_120811_49430444622_o.jpg-2400-1350.jpg,black,#000000
/home/rtanglao/GIT/rt-berlin-january-2020/75PX_BY_75PX_PATCHES/20200123_120811_49430444622_o.jpg-2550-600.jpg,black,#000000
/home/rtanglao/GIT/rt-berlin-january-2020/75PX_BY_75PX_PATCHES/20200123_120811_49430444622_o.jpg-2850-1050.jpg,silver,#cccccc
/home/rtanglao/GIT/rt-berlin-january-2020/75PX_BY_75PX_PATCHES/20200123_120811_49430444622_o.jpg-2850-2925.jpg,black,#000000
/home/rtanglao/GIT/rt-berlin-january-2020/75PX_BY_75PX_PATCHES/20200123_120811_49430444622_o.jpg-300-750.jpg,cadetblue,#5f9ea0
/home/rtanglao/GIT/rt-berlin-january-2020/75PX_BY_75PX_PATCHES/20200123_120811_49430444622_o.jpg-375-2700.jpg,darkslategray,#2f4f4f
/home/rtanglao/GIT/rt-berlin-january-2020/75PX_BY_75PX_PATCHES/20200123_120811_49430444622_o.jpg-375-2775.jpg,darkslategray,#2f4f4f
/home/rtanglao/GIT/rt-berlin-january-2020/75PX_BY_75PX_PATCHES/20200123_120811_49430444622_o.jpg-450-1425.jpg,black,#000000
/home/rtanglao/GIT/rt-berlin-january-2020/75PX_BY_75PX_PATCHES/20200123_120811_49430444622_o.jpg-750-900.jpg,black,#000000
/home/rtanglao/GIT/rt-berlin-january-2020/75PX_BY_75PX_PATCHES/20200123_120811_49430444622_o.jpg-75-1950.jpg,darkgray,#a9a9a9
/home/rtanglao/GIT/rt-berlin-january-2020/75PX_BY_75PX_PATCHES/20200123_120813_49430226026_o.jpg-1050-2475.jpg,black,#000000
/home/rtanglao/GIT/rt-berlin-january-2020/75PX_BY_75PX_PATCHES/20200123_120813_49430226026_o.jpg-1050-75.jpg,black,#000000
/home/rtanglao/GIT/rt-berlin-january-2020/75PX_BY_75PX_PATCHES/20200123_120813_49430226026_o.jpg-1125-2250.jpg,black,#000000
/home/rtanglao/GIT/rt-berlin-january-2020/75PX_BY_75PX_PATCHES/20200123_120813_49430226026_o.jpg-1275-2625.jpg,black,#000000
/home/rtanglao/GIT/rt-berlin-january-2020/75PX_BY_75PX_PATCHES/20200123_120813_49430226026_o.jpg-1350-675.jpg,black,#000000
/home/rtanglao/GIT/rt-berlin-january-2020/75PX_BY_75PX_PATCHES/20200123_120813_49430226026_o.jpg-1425-1725.jpg,black,#000000
/home/rtanglao/GIT/rt-berlin-january-2020/75PX_BY_75PX_PATCHES/20200123_120813_49430226026_o.jpg-1425-750.jpg,black,#000000
/home/rtanglao/GIT/rt-berlin-january-2020/75PX_BY_75PX_PATCHES/20200123_120813_49430226026_o.jpg-1500-525.jpg,black,#000000
/home/rtanglao/GIT/rt-berlin-january-2020/75PX_BY_75PX_PATCHES/20200123_120813_49430226026_o.jpg-150-1575.jpg,black,#000000
/home/rtanglao/GIT/rt-berlin-january-2020/75PX_BY_75PX_PATCHES/20200123_120813_49430226026_o.jpg-1575-2400.jpg,black,#000000
/home/rtanglao/GIT/rt-berlin-january-2020/75PX_BY_75PX_PATCHES/20200123_120813_49430226026_o.jpg-1650-150.jpg,black,#000000
/home/rtanglao/GIT/rt-berlin-january-2020/75PX_BY_75PX_PATCHES/20200123_120813_49430226026_o.jpg-1650-1875.jpg,black,#000000
/home/rtanglao/GIT/rt-berlin-january-2020/75PX_BY_75PX_PATCHES/20200123_120813_49430226026_o.jpg-1875-2550.jpg,black,#000000
/home/rtanglao/GIT/rt-berlin-january-2020/75PX_BY_75PX_PATCHES/20200123_120813_49430226026_o.jpg-1950-2550.jpg,black,#000000
/home/rtanglao/GIT/rt-berlin-january-2020/75PX_BY_75PX_PATCHES/20200123_120813_49430226026_o.jpg-2175-1800.jpg,black,#000000
/home/rtanglao/GIT/rt-berlin-january-2020/75PX_BY_75PX_PATCHES/20200123_120813_49430226026_o.jpg-2175-525.jpg,darkslategray,#2f4f4f
/home/rtanglao/GIT/rt-berlin-january-2020/75PX_BY_75PX_PATCHES/20200123_120813_49430226026_o.jpg-2175-825.jpg,black,#000000
/home/rtanglao/GIT/rt-berlin-january-2020/75PX_BY_75PX_PATCHES/20200123_120813_49430226026_o.jpg-2175-900.jpg,black,#000000
/home/rtanglao/GIT/rt-berlin-january-2020/75PX_BY_75PX_PATCHES/20200123_120813_49430226026_o.jpg-2250-2775.jpg,firebrick,#b22222
/home/rtanglao/GIT/rt-berlin-january-2020/75PX_BY_75PX_PATCHES/20200123_120813_49430226026_o.jpg-225-1650.jpg,black,#000000
/home/rtanglao/GIT/rt-berlin-january-2020/75PX_BY_75PX_PATCHES/20200123_120813_49430226026_o.jpg-2325-1425.jpg,black,#000000
/home/rtanglao/GIT/rt-berlin-january-2020/75PX_BY_75PX_PATCHES/20200123_120813_49430226026_o.jpg-2325-2625.jpg,black,#000000
/home/rtanglao/GIT/rt-berlin-january-2020/75PX_BY_75PX_PATCHES/20200123_120813_49430226026_o.jpg-2475-2775.jpg,firebrick,#b22222
/home/rtanglao/GIT/rt-berlin-january-2020/75PX_BY_75PX_PATCHES/20200123_120813_49430226026_o.jpg-2550-825.jpg,darkslategray,#2f4f4f
/home/rtanglao/GIT/rt-berlin-january-2020/75PX_BY_75PX_PATCHES/20200123_120813_49430226026_o.jpg-2625-900.jpg,black,#000000
/home/rtanglao/GIT/rt-berlin-january-2020/75PX_BY_75PX_PATCHES/20200123_120813_49430226026_o.jpg-2700-1800.jpg,darkolivegreen,#556b2f
/home/rtanglao/GIT/rt-berlin-january-2020/75PX_BY_75PX_PATCHES/20200123_120813_49430226026_o.jpg-2700-1950.jpg,darkslategray,#2f4f4f
/home/rtanglao/GIT/rt-berlin-january-2020/75PX_BY_75PX_PATCHES/20200123_120813_49430226026_o.jpg-2850-2325.jpg,black,#000000
/home/rtanglao/GIT/rt-berlin-january-2020/75PX_BY_75PX_PATCHES/20200123_120813_49430226026_o.jpg-300-1125.jpg,black,#000000
/home/rtanglao/GIT/rt-berlin-january-2020/75PX_BY_75PX_PATCHES/20200123_120813_49430226026_o.jpg-450-1725.jpg,black,#000000
/home/rtanglao/GIT/rt-berlin-january-2020/75PX_BY_75PX_PATCHES/20200123_120813_49430226026_o.jpg-525-2100.jpg,black,#000000
/home/rtanglao/GIT/rt-berlin-january-2020/75PX_BY_75PX_PATCHES/20200123_120813_49430226026_o.jpg-600-1500.jpg,black,#000000
/home/rtanglao/GIT/rt-berlin-january-2020/75PX_BY_75PX_PATCHES/20200123_120813_49430226026_o.jpg-600-1650.jpg,black,#000000
/home/rtanglao/GIT/rt-berlin-january-2020/75PX_BY_75PX_PATCHES/20200123_120813_49430226026_o.jpg-975-150.jpg,darkgray,#a9a9a9
/home/rtanglao/GIT/rt-berlin-january-2020/75PX_BY_75PX_PATCHES/20200123_141538_49429749873_o.jpg-1125-1500.jpg,black,#000000
/home/rtanglao/GIT/rt-berlin-january-2020/75PX_BY_75PX_PATCHES/20200123_141538_49429749873_o.jpg-1125-1800.jpg,black,#000000
/home/rtanglao/GIT/rt-berlin-january-2020/75PX_BY_75PX_PATCHES/20200123_141538_49429749873_o.jpg-1200-1500.jpg,black,#000000
/home/rtanglao/GIT/rt-berlin-january-2020/75PX_BY_75PX_PATCHES/20200123_141538_49429749873_o.jpg-1200-675.jpg,black,#000000
/home/rtanglao/GIT/rt-berlin-january-2020/75PX_BY_75PX_PATCHES/20200123_141538_49429749873_o.jpg-1200-750.jpg,black,#000000
/home/rtanglao/GIT/rt-berlin-january-2020/75PX_BY_75PX_PATCHES/20200123_141538_49429749873_o.jpg-1200-900.jpg,black,#000000
/home/rtanglao/GIT/rt-berlin-january-2020/75PX_BY_75PX_PATCHES/20200123_141538_49429749873_o.jpg-1275-1275.jpg,maroon,#800000
/home/rtanglao/GIT/rt-berlin-january-2020/75PX_BY_75PX_PATCHES/20200123_141538_49429749873_o.jpg-1275-525.jpg,wheat,#f5deb3
/home/rtanglao/GIT/rt-berlin-january-2020/75PX_BY_75PX_PATCHES/20200123_141538_49429749873_o.jpg-2025-1425.jpg,sienna,#a0522d
/home/rtanglao/GIT/rt-berlin-january-2020/75PX_BY_75PX_PATCHES/20200123_141538_49429749873_o.jpg-2175-2250.jpg,darkslategray,#2f4f4f
/home/rtanglao/GIT/rt-berlin-january-2020/75PX_BY_75PX_PATCHES/20200123_141538_49429749873_o.jpg-2625-1275.jpg,gray,#808080
/home/rtanglao/GIT/rt-berlin-january-2020/75PX_BY_75PX_PATCHES/20200123_141538_49429749873_o.jpg-2700-1125.jpg,darkgray,#a9a9a9
/home/rtanglao/GIT/rt-berlin-january-2020/75PX_BY_75PX_PATCHES/20200123_141538_49429749873_o.jpg-375-1425.jpg,darkolivegreen,#556b2f
/home/rtanglao/GIT/rt-berlin-january-2020/75PX_BY_75PX_PATCHES/20200123_141538_49429749873_o.jpg-900-1500.jpg,black,#000000
/home/rtanglao/GIT/rt-berlin-january-2020/75PX_BY_75PX_PATCHES/20200123_1418060_49430230106_o.jpg-0-1125.jpg,black,#000000
/home/rtanglao/GIT/rt-berlin-january-2020/75PX_BY_75PX_PATCHES/20200123_1418060_49430230106_o.jpg-0-1575.jpg,black,#000000
/home/rtanglao/GIT/rt-berlin-january-2020/75PX_BY_75PX_PATCHES/20200123_1418060_49430230106_o.jpg-0-1950.jpg,black,#000000
/home/rtanglao/GIT/rt-berlin-january-2020/75PX_BY_75PX_PATCHES/20200123_1418060_49430230106_o.jpg-1050-675.jpg,black,#000000
/home/rtanglao/GIT/rt-berlin-january-2020/75PX_BY_75PX_PATCHES/20200123_1418060_49430230106_o.jpg-1200-2700.jpg,darkolivegreen,#556b2f
/home/rtanglao/GIT/rt-berlin-january-2020/75PX_BY_75PX_PATCHES/20200123_1418060_49430230106_o.jpg-1275-375.jpg,gray,#808080
/home/rtanglao/GIT/rt-berlin-january-2020/75PX_BY_75PX_PATCHES/20200123_1418060_49430230106_o.jpg-1275-675.jpg,black,#000000
/home/rtanglao/GIT/rt-berlin-january-2020/75PX_BY_75PX_PATCHES/20200123_1418060_49430230106_o.jpg-1500-2100.jpg,black,#000000
/home/rtanglao/GIT/rt-berlin-january-2020/75PX_BY_75PX_PATCHES/20200123_1418060_49430230106_o.jpg-1575-1725.jpg,black,#000000
/home/rtanglao/GIT/rt-berlin-january-2020/75PX_BY_75PX_PATCHES/20200123_1418060_49430230106_o.jpg-2100-900.jpg,gray,#808080
/home/rtanglao/GIT/rt-berlin-january-2020/75PX_BY_75PX_PATCHES/20200123_1418060_49430230106_o.jpg-2250-2400.jpg,darkslategray,#2f4f4f
/home/rtanglao/GIT/rt-berlin-january-2020/75PX_BY_75PX_PATCHES/20200123_1418060_49430230106_o.jpg-225-1950.jpg,black,#000000
/home/rtanglao/GIT/rt-berlin-january-2020/75PX_BY_75PX_PATCHES/20200123_1418060_49430230106_o.jpg-2550-2250.jpg,black,#000000
/home/rtanglao/GIT/rt-berlin-january-2020/75PX_BY_75PX_PATCHES/20200123_1418060_49430230106_o.jpg-2775-1575.jpg,rosybrown,#bc8f8f
/home/rtanglao/GIT/rt-berlin-january-2020/75PX_BY_75PX_PATCHES/20200123_1418060_49430230106_o.jpg-2850-1575.jpg,darkgray,#a9a9a9
/home/rtanglao/GIT/rt-berlin-january-2020/75PX_BY_75PX_PATCHES/20200123_1418060_49430230106_o.jpg-2925-225.jpg,darkgray,#a9a9a9
/home/rtanglao/GIT/rt-berlin-january-2020/75PX_BY_75PX_PATCHES/20200123_1418060_49430230106_o.jpg-2925-900.jpg,lightslategray,#778899
/home/rtanglao/GIT/rt-berlin-january-2020/75PX_BY_75PX_PATCHES/20200123_1418060_49430230106_o.jpg-2925-975.jpg,lightslategray,#778899
/home/rtanglao/GIT/rt-berlin-january-2020/75PX_BY_75PX_PATCHES/20200123_1418060_49430230106_o.jpg-300-1950.jpg,black,#000000
/home/rtanglao/GIT/rt-berlin-january-2020/75PX_BY_75PX_PATCHES/20200123_1418060_49430230106_o.jpg-375-1575.jpg,black,#000000
/home/rtanglao/GIT/rt-berlin-january-2020/75PX_BY_75PX_PATCHES/20200123_1418060_49430230106_o.jpg-375-2400.jpg,black,#000000
/home/rtanglao/GIT/rt-berlin-january-2020/75PX_BY_75PX_PATCHES/20200123_1418060_49430230106_o.jpg-525-1125.jpg,black,#000000
/home/rtanglao/GIT/rt-berlin-january-2020/75PX_BY_75PX_PATCHES/20200123_1418060_49430230106_o.jpg-525-1575.jpg,black,#000000
/home/rtanglao/GIT/rt-berlin-january-2020/75PX_BY_75PX_PATCHES/20200123_1418060_49430230106_o.jpg-750-1875.jpg,black,#000000
/home/rtanglao/GIT/rt-berlin-january-2020/75PX_BY_75PX_PATCHES/20200123_1418060_49430230106_o.jpg-825-375.jpg,black,#000000
/home/rtanglao/GIT/rt-berlin-january-2020/75PX_BY_75PX_PATCHES/20200123_141806_49430450767_o.jpg-0-1800.jpg,black,#000000
/home/rtanglao/GIT/rt-berlin-january-2020/75PX_BY_75PX_PATCHES/20200123_141806_49430450767_o.jpg-0-2775.jpg,black,#000000
/home/rtanglao/GIT/rt-berlin-january-2020/75PX_BY_75PX_PATCHES/20200123_141806_49430450767_o.jpg-1125-2100.jpg,black,#000000
/home/rtanglao/GIT/rt-berlin-january-2020/75PX_BY_75PX_PATCHES/20200123_141806_49430450767_o.jpg-1275-600.jpg,bisque,#ffe4c4
/home/rtanglao/GIT/rt-berlin-january-2020/75PX_BY_75PX_PATCHES/20200123_141806_49430450767_o.jpg-1350-2325.jpg,black,#000000
/home/rtanglao/GIT/rt-berlin-january-2020/75PX_BY_75PX_PATCHES/20200123_141806_49430450767_o.jpg-1500-1050.jpg,black,#000000
/home/rtanglao/GIT/rt-berlin-january-2020/75PX_BY_75PX_PATCHES/20200123_141806_49430450767_o.jpg-150-1425.jpg,black,#000000
/home/rtanglao/GIT/rt-berlin-january-2020/75PX_BY_75PX_PATCHES/20200123_141806_49430450767_o.jpg-150-2700.jpg,black,#000000
/home/rtanglao/GIT/rt-berlin-january-2020/75PX_BY_75PX_PATCHES/20200123_141806_49430450767_o.jpg-1575-300.jpg,gray,#808080
/home/rtanglao/GIT/rt-berlin-january-2020/75PX_BY_75PX_PATCHES/20200123_141806_49430450767_o.jpg-1650-2775.jpg,black,#000000
/home/rtanglao/GIT/rt-berlin-january-2020/75PX_BY_75PX_PATCHES/20200123_141806_49430450767_o.jpg-1725-600.jpg,gray,#808080
/home/rtanglao/GIT/rt-berlin-january-2020/75PX_BY_75PX_PATCHES/20200123_141806_49430450767_o.jpg-1800-2475.jpg,black,#000000
/home/rtanglao/GIT/rt-berlin-january-2020/75PX_BY_75PX_PATCHES/20200123_141806_49430450767_o.jpg-2025-1800.jpg,black,#000000
/home/rtanglao/GIT/rt-berlin-january-2020/75PX_BY_75PX_PATCHES/20200123_141806_49430450767_o.jpg-2100-2475.jpg,black,#000000
/home/rtanglao/GIT/rt-berlin-january-2020/75PX_BY_75PX_PATCHES/20200123_141806_49430450767_o.jpg-2250-2550.jpg,black,#000000
/home/rtanglao/GIT/rt-berlin-january-2020/75PX_BY_75PX_PATCHES/20200123_141806_49430450767_o.jpg-225-150.jpg,black,#000000
/home/rtanglao/GIT/rt-berlin-january-2020/75PX_BY_75PX_PATCHES/20200123_141806_49430450767_o.jpg-2400-1425.jpg,black,#000000
/home/rtanglao/GIT/rt-berlin-january-2020/75PX_BY_75PX_PATCHES/20200123_141806_49430450767_o.jpg-2400-675.jpg,darkseagreen,#8fbc8f
/home/rtanglao/GIT/rt-berlin-january-2020/75PX_BY_75PX_PATCHES/20200123_141806_49430450767_o.jpg-2475-2775.jpg,black,#000000
/home/rtanglao/GIT/rt-berlin-january-2020/75PX_BY_75PX_PATCHES/20200123_141806_49430450767_o.jpg-375-225.jpg,darkslategray,#2f4f4f
/home/rtanglao/GIT/rt-berlin-january-2020/75PX_BY_75PX_PATCHES/20200123_141806_49430450767_o.jpg-450-2325.jpg,black,#000000
/home/rtanglao/GIT/rt-berlin-january-2020/75PX_BY_75PX_PATCHES/20200123_141806_49430450767_o.jpg-525-1650.jpg,black,#000000
/home/rtanglao/GIT/rt-berlin-january-2020/75PX_BY_75PX_PATCHES/20200123_141806_49430450767_o.jpg-525-2250.jpg,black,#000000
/home/rtanglao/GIT/rt-berlin-january-2020/75PX_BY_75PX_PATCHES/20200123_141806_49430450767_o.jpg-525-225.jpg,black,#000000
